<profiles>

  <profile name="DowntownHouseholds">
    <category entityType="HOUSEHOLD" customerRole="CONSUMER" modelType="POPULATION" />
    <population value="10000" />
    <multiContracting value="true" />
    <canNegotiate value="false" />
    <capacity id="1" type="CONSUMPTION" subType="NONE" specType="BEHAVIORS" 
	      description="Typical Pittsburgh households.">
      <baseBenchmarkRate value="8.0" />
      <!--baseTotalCapacity probability="UNIFORM" low="200000" high="400000" /-->
      <baseTotalCapacity probability="NORMAL" mean="300000" stdDev="5000" />
      <!--baseTotalCapacity probability="LOGNORMAL" expMean="300000" expStdDev="1.2" /-->
      <!--baseTotalCapacity probability="INTERVAL" mean="300000" stdDev="50000" low="200000" high="400000" /-->
      <elasticityOfCapacity function="1.1: 0.9, 1.2: 0.8, 1.3: 0.75" /><!-- each pair is [rate%, capacity%] -->
    </capacity>
    <tariffUtility criteria="LOWEST_COST" allocations="0.7:0.3, 0.5:0.3:0.2, 0.4:0.3:0.2:0.1, 0.4:0.3:0.2:0.05:0.05" />
    <!--tariffSwitchingInertia probability="POINTMASS" value="0.6" /-->
    <tariffSwitchingInertia probability="INTERVAL" mean="0.3" stdDev="0.1" low="0" high="1" />
  </profile>

  <profile name="HighlandBusinesses">
    <category entityType="COMMERCIAL" customerRole="CONSUMER" modelType="POPULATION" />
    <population value="1000" />
    <multiContracting value="true" />
    <canNegotiate value="false" />
    <capacity id="1" type="CONSUMPTION" subType="NONE" specType="BEHAVIORS" 
	      description="Eco-conscious Pittsburgh shopping area.">
      <baseBenchmarkRate value="9.0" />
      <!--baseTotalCapacity probability="UNIFORM" low="150000" high="900000" /-->
      <!--baseTotalCapacity probability="LOGNORMAL" expMean="500000" expStdDev="1.2" /-->
      <baseCapacityPerCustomer probability="LOGNORMAL" expMean="500" expStdDev="1.5" />
      <elasticityOfCapacity function="1.2: 0.9, 1.4: 0.8" /><!-- each pair is [rate%: capacity%] -->
    </capacity>
    <tariffUtility criteria="PREFER_GREEN" allocations="0.6:0.4, 0.4:0.35:0.25, 0.4:0.3:0.2:0.1, 0.4:0.3:0.2:0.05:0.05" />
    <tariffSwitchingInertia probability="NORMAL" mean="0.2" stdDev="0.05" />
  </profile>

  <profile name="JennywoodPark">
    <category entityType="COMMERCIAL" customerRole="PRODUCER" modelType="INDIVIDUAL" />
    <population value="1" />
    <multiContracting value="false" />
    <canNegotiate value="false" />
    <capacity id="1" type="PRODUCTION" subType="WIND" specType="BEHAVIORS" 
	      description="Excess solar generation at amusement park.">
      <baseBenchmarkRate value="7.0" />
      <baseTotalCapacity probability="UNIFORM" low="10000" high="20000" />
      <elasticityOfCapacity function="0.7: 0.8, 0.5: 0.0" /><!-- each pair is [rate%: capacity%] -->
    </capacity>
    <tariffUtility criteria="PREFER_GREEN" allocations="" />
    <tariffSwitchingInertia probability="NORMAL" mean="0.1" stdDev="0.05" />
  </profile>

  <profile name="MorewoodHouseholds">
    <category entityType="HOUSEHOLD" customerRole="CONSUMER" modelType="POPULATION" />
    <population value="1000" />
    <multiContracting value="true" />
    <canNegotiate value="false" />
    <capacity id="1" type="CONSUMPTION" subType="NONE" specType="FACTORED" 
	      description="Typical Pittsburgh households.">
      <baseBenchmarkRate value="8.0" />
      <baseCapacityPerCustomer probability="NORMAL" mean="30" stdDev="5" /><!-- kWh per day -->
      <minCapacityPerCustomer value="20" /><!-- kWh per day -->
      <maxCapacityPerCustomer value="50" /><!-- kWh per day -->
      <curtailableCapacity probability="LOGNORMAL" expMean="0.1" expStdDev="0.01" />
      <curtailingThreshold changeRatio="0.1" /><!-- percent change in expected cost -->
      <shiftableCapacity probability="LOGNORMAL" expMean="0.2" expStdDev="0.01" />
      <shiftingThreshold changeRatio="0.05" /><!-- percent change in expected cost -->
      <capacityRatioByMonth array="[1, 1, 1, 1, 1, 1, 0.8, 0.6, 1, 1, 1, 0.9]" />
      <capacityRatioByDay array="[1, 0.6, 0.6, 0.6, 0.6, 0.7, 0.9]" />
      <capacityRatioByHour array="[0.7, 0.6, 0.6, 0.6, 0.7, 0.8, 0.8, 0.8, 0.7, 0.6, 0.5, 0.5, 0.5, 0.5, 0.6, 0.7, 0.7, 0.9, 1, 1, 0.8, 0.7]" />
      <temperatureInfluence kind="DEVIATION" correlation="+0.8" granularity="MONTHLY" />
      <windSpeedInfluence kind="NONE" correlation="0" />
      <cloudCoverInfluence kind="NONE" correlation="0" />
    </capacity>
    <temperatureByMonth array="[35.1, 38.8, 49.5, 60.7, 70.8, 79.1, 82.7, 81.1, 74.2, 62.5, 50.5, 39.8, 60.4]" />
    <customerWealth probability="NORMAL" mean="30000" stdDev="5000" referenceMedian="50000" />
    <newTariffsExposure probability="NORMAL" mean="0.3" stdDev="0.1" />
    <tariffSwitchDelay probability="LOGNORMAL" expMean="3" expStdDev="1" /><!-- # days -->
    <waitAfterTariffSwitch probability="NORMAL" mean="7" stdDev="2" /><!-- # days -->
    <preferFewerTariffs enum="false" />
  </profile>
  
  <profile name="SunnysideSolar">
    <category entityType="INDUSTRIAL" customerRole="PRODUCER" modelType="INDIVIDUAL" />
    <population value="2" />
    <multiContracting value="false" />
    <canNegotiate value="true" />
    <capacity id="1" type="PRODUCTION" subType="SOLAR" specType="FACTORED" 
	      description="Multiple solar installations.">
      <baseBenchmarkRate value="7.0" />
      <baseCapacityPerCustomer probability="NORMAL" mean="80000" stdDev="20000" /><!-- kWh per day -->
      <minCapacityPerCustomer value="0" /><!-- kWh per day -->
      <maxCapacityPerCustomer value="100000" /><!-- kWh per day -->
      <curtailableCapacity probability="POINTMASS" value="1" />
      <curtailingThreshold changeRatio="0.3" /><!-- percent change in expected cost -->
      <shiftableCapacity probability="POINTMASS" value="0" />
      <shiftingThreshold changeRatio="-1" /><!-- percent change in expected cost --> 
      <capacityRatioByMonth array="[0.7, 0.7, 0.7, 0.8, 0.9, 1, 1, 1, 0.9, 0.9, 0.8, 0.7]" />
      <capacityRatioByDay array="[1, 1, 1, 1, 1, 1, 1]" />
      <capacityRatioByHour array="[0, 0, 0, 0, 0, 0, 0.5, 0.7, 1, 1, 1, 1, 1, 1, 1, 1, 1, 0.8, 0.3, 0, 0, 0]" />
      <temperatureInfluence kind="DIRECT" correlation="+0.2" granularity="HOURLY" />
      <windSpeedInfluence kind="NONE" correlation="0" />
      <cloudCoverInfluence kind="DIRECT" correlation="-0.9" />
    </capacity>
    <temperatureByMonth array="" />
    <customerWealth probability="POINTMASS" value="5000000" referenceMedian="5000000" />
    <newTariffsExposure probability="POINTMASS" value="0.9" />
    <tariffSwitchDelay probability="POINTMASS" value="0" /><!-- # days -->
    <waitAfterTariffSwitch probability="POINTMASS" value="0" /><!-- # days -->
    <preferFewerTariffs enum="" />
  </profile>
  
  <profile name="TechisusUniversity">
    <category entityType="COMMERCIAL" customerRole="COMBINED" modelType="INDIVIDUAL" />
    <population value="1" />
    <multiContracting value="true" />
    <canNegotiate value="true" />
    <capacity id="1" type="CONSUMPTION" subType="NONE" specType="FACTORED" 
	      description="Consumption by campus facilities.">
      <baseBenchmarkRate value="8.0" />
      <baseCapacityPerCustomer probability="NORMAL" mean="150000" stdDev="50000" /><!-- kWh per day -->
      <!--baseCapacityPerCustomer probability="POINTMASS" value="300000" /--><!-- kWh per day -->
      <minCapacityPerCustomer value="50000" /><!-- kWh per day -->
      <maxCapacityPerCustomer value="400000" /><!-- kWh per day -->
      <curtailableCapacity probability="LOGNORMAL" expMean="0.2" expStdDev="0.01" />
      <curtailingThreshold changeRatio="0.2" /><!-- percent change in expected cost -->
      <shiftableCapacity probability="LOGNORMAL" expMean="0.1" expStdDev="0.02" />
      <shiftingThreshold changeRatio="0.1" /><!-- percent change in expected cost -->
      <capacityRatioByMonth array="[0.6, 1, 1, 1, 1, 0.5, 0.5, 0.5, 1, 1, 1, 0.8]" />
      <capacityRatioByDay array="[0.5, 1, 1, 1, 1, 1, 0.5]" />
      <capacityRatioByHour array="[0.5, 0.5, 0.5, 0.5, 0.5, 0.6, 0.7, 0.8, 0.9, 1, 1, 1, 1, 1, 1, 1, 1, 0.9, 0.9, 0.9, 0.8, 0.7]" />
      <temperatureInfluence kind="DIRECT" correlation="+0.4" granularity="MONTHLY" />
      <windSpeedInfluence kind="NONE" correlation="0" />
      <cloudCoverInfluence kind="NONE" correlation="0" />
    </capacity>
    <capacity id="2" type="PRODUCTION" subType="WIND" specType="FACTORED" 
	      description="10 wind turbines at 10 kWh per day.">
      <baseBenchmarkRate value="7.0"  />
      <baseCapacityPerCustomer probability="NORMAL" mean="20000" stdDev="5000" /><!-- kWh per day -->
      <minCapacityPerCustomer value="0" /><!-- kWh per day -->
      <maxCapacityPerCustomer value="30000" /><!-- kWh per day -->
      <curtailableCapacity probability="POINTMASS" value="1" />
      <curtailingThreshold changeRatio="0.8" /><!-- percent change in expected cost -->
      <shiftableCapacity probability="POINTMASS" value="0" />
      <shiftingThreshold changeRatio="-1" /><!-- percent change in expected cost -->
      <capacityRatioByMonth array="[0.8, 0.8, 0.9, 1, 1, 1, 1, 0.7, 0.7, 0.8, 0.8, 0.8]" />
      <capacityRatioByDay array="[1, 1, 1, 1, 1, 1, 1]" />
      <capacityRatioByHour array="[1, 1, 1, 1, 1, 1, 1, 1, 1, 1, 1, 1, 1, 1, 1, 1, 1, 1, 1, 1, 1, 1]" />
      <temperatureInfluence kind="NONE" correlation="0" granularity="NONE" />
      <windSpeedInfluence kind="DIRECT" correlation="+0.8" />
      <cloudCoverInfluence kind="NONE" correlation="0" />
    </capacity>
    <temperatureByMonth array="[35.1, 38.8, 49.5, 60.7, 70.8, 79.1, 82.7, 81.1, 74.2, 62.5, 50.5, 39.8, 60.4]" />
    <customerWealth probability="POINTMASS" value="1000000" referenceMedian="1500000" />
    <newTariffsExposure probability="POINTMASS" value="0.7" />
    <tariffSwitchDelay probability="LOGNORMAL" expMean="2" expStdDev="1" /><!-- # days -->
    <waitAfterTariffSwitch probability="NORMAL" mean="3" stdDev="1" /><!-- # days -->
    <preferFewerTariffs enum="true" />
  </profile>

</profiles>


